{"precision": 0.9112352837814093, "recall": 0.8955097203142286, "f1": 0.9022733878987226, "accuracy": 0.9103852596314908}