{"precision": 0.7047910097873751, "recall": 0.7164426859665121, "f1": 0.7017496513750952, "accuracy": 0.7062236286919831}