{"precision": 0.8106694713469769, "recall": 0.8103220931098754, "f1": 0.8104651698861279, "accuracy": 0.8108581436077058}