{"learning_rate": 0.00010561134619773881, "per_device_train_batch_size": 16, "weight_decay": 0.10782651882597875, "optim": "adamw_hf"}