{"precision": 0.8427145012921429, "recall": 0.8201764970089265, "f1": 0.8302287581699346, "accuracy": 0.8681424446583254}