{"precision": 0.8460992907801419, "recall": 0.8197720797720798, "f1": 0.8313073055309081, "accuracy": 0.8695187165775401}