{"precision": 0.7820224994285341, "recall": 0.7393239862044598, "f1": 0.7552394067408131, "accuracy": 0.8176130895091434}