{"precision": 0.9129640753220019, "recall": 0.9054874326012814, "f1": 0.9068679486517977, "accuracy": 0.9076182136602452}