{"precision": 0.6124051684717249, "recall": 0.5852140304147885, "f1": 0.5867649678182117, "accuracy": 0.6741857443662919}