{"precision": 0.7949795430624471, "recall": 0.7519706892135796, "f1": 0.7636026394090185, "accuracy": 0.7931323283082077}