{"precision": 0.8600891256214322, "recall": 0.8712400860431578, "f1": 0.8653582081408461, "accuracy": 0.890279114533205}