{"precision": 0.6597583110531798, "recall": 0.6540242169237365, "f1": 0.6554636571383823, "accuracy": 0.6686220775884217}