{"precision": 0.9000382081420634, "recall": 0.8766157758031757, "f1": 0.8857654857207745, "accuracy": 0.895291405992756}