{"precision": 0.8865856484788455, "recall": 0.8633969780769338, "f1": 0.8723632713540868, "accuracy": 0.8830764671013633}