{"precision": 0.8766455074677637, "recall": 0.8966859372969693, "f1": 0.8825775677187748, "accuracy": 0.8869346733668342}