{"precision": 0.8648698476800842, "recall": 0.8853010707829231, "f1": 0.8703331231588707, "accuracy": 0.8748255002326664}