{"learning_rate": 1.4872245891335387e-05, "per_device_train_batch_size": 64, "weight_decay": 0.2570158517553631, "optim": "adafactor"}