{"precision": 0.6996603486088797, "recall": 0.7118168752113628, "f1": 0.7008044434180486, "accuracy": 0.7100666080180973}