{"precision": 0.9070024276316795, "recall": 0.9026944636750511, "f1": 0.904734616659507, "accuracy": 0.9103416647557899}