{"learning_rate": 5.0680566312036534e-05, "per_device_train_batch_size": 32, "weight_decay": 0.3974279871132668, "optim": "adafactor"}