{"precision": 0.9202003802627357, "recall": 0.9157845253022691, "f1": 0.9168486613281566, "accuracy": 0.9173151750972762}