{"precision": 0.9275533223954061, "recall": 0.9226691620479841, "f1": 0.923808399911223, "accuracy": 0.9242556917688266}