{"precision": 0.7282824552496214, "recall": 0.7201948266488982, "f1": 0.719889848089349, "accuracy": 0.723650216753514}