{"precision": 0.8911993704524825, "recall": 0.8715828785668893, "f1": 0.880243703684009, "accuracy": 0.896976483762598}