{"precision": 0.7990417989726275, "recall": 0.7685138927344981, "f1": 0.7779464443080661, "accuracy": 0.8002371072910492}