{"precision": 0.6535120384874358, "recall": 0.6709238202506786, "f1": 0.6590390035981171, "accuracy": 0.7096432526118146}