{"precision": 0.9019473734495398, "recall": 0.8977401647118144, "f1": 0.8996128500016213, "accuracy": 0.9023763648041104}